{"cameraMode":{"drawMode":0,"name":"Shaded","section":"Shading Mode"},"sceneLighting":true,"audioPlay":false,"sceneViewState":{"m_AlwaysRefresh":false,"showFog":false,"showSkybox":true,"showFlares":true,"showImageEffects":true,"showParticleSystems":true,"showVisualEffectGraphs":true,"m_FxEnabled":true},"in2DMode":false,"pivot":{"x":456.1738586425781,"y":470.38165283203127,"z":2544.103515625},"rotation":{"x":-0.007190015632659197,"y":-0.010504063218832016,"z":-0.00007514133903896436,"w":0.9999218583106995},"size":1710.735107421875,"orthographic":false}