{"cameraMode":{"drawMode":0,"name":"Shaded","section":"Shading Mode"},"sceneLighting":false,"audioPlay":false,"sceneViewState":{"m_AlwaysRefresh":false,"showFog":true,"showSkybox":false,"showFlares":true,"showImageEffects":true,"showParticleSystems":true,"showVisualEffectGraphs":true,"m_FxEnabled":true},"in2DMode":false,"pivot":{"x":2.9880595207214357,"y":9.278568267822266,"z":-0.041213274002075198},"rotation":{"x":-0.23745118081569673,"y":0.7536489963531494,"z":-0.36154237389564516,"w":-0.49495217204093935},"size":3.56994366645813,"orthographic":false}